doctor_id,doctor_name,specialization,experience_years
D2350,Dr. Vikram,Cardiology,9
D2621,Dr. Ravi,Endocrinology,15
D2789,Dr. Pooja,cardio,15
D2419,Dr. Rahul,Endocrinology,23
D2014,Dr. Deepak,Orthopedics,3
D2774,Dr. Vikram,Endocrinology,18
D2780,Dr. Karthik,Cardiology,4
D2438,Dr. Rohit,Oncology,19
D2476,Dr. Ravi,CARDIOLOGY,18
D2684,Dr. Swati,Cardiology,1
D2597,Dr. Rohit,cardio,-3
D2534,Dr. Lakshmi,,12
D2182,Dr. Amit,Pulmonology,17
D2493,Dr. Nisha,Orthopedics,28
D2192,Dr. Kiran,Pulmonology,13
D2169,Dr. Swati,CARDIOLOGY,3
D2666,Dr. Meena,Pulmonology,13
D2226,Dr. Kiran,cardio,10
D2738,Dr. Arjun,Pulmonology,21
D2065,Dr. Amit,Endocrinology,-3
D2690,Dr. Rahul,cardio,2
D2775,Dr. Asha,Pulmonology,21
D2610,Dr. Amit,cardio,5
D2068,Dr. Meena,Orthopedics,15
D2199,Dr. Asha,Endocrinology,1
D2379,Dr. Nisha,Oncology,4
D2685,Dr. Amit,Cardiology,-1
D2070,Dr. Sneha,Pulmonology,25
D2374,Dr. Rahul,Oncology,17
D2549,Dr. Vikram,cardio,25
D2542,Dr. Vikram,Oncology,16
D2236,Dr. Vikram,CARDIOLOGY,22
D2278,Dr. Pooja,,6
D2378,Dr. Priya,,15
D2382,Dr. Karthik,cardio,11
D2559,Dr. Vikram,Orthopedics,11
D2317,Dr. Deepak,Endocrinology,6
D2082,Dr. Nisha,Pulmonology,6
D2072,Dr. Ravi,CARDIOLOGY,20
D2733,Dr. Swati,,30
D2158,Dr. Anil,Pulmonology,29
D2442,Dr. Priya,cardio,28
D2015,Dr. Lakshmi,CARDIOLOGY,27
D2330,Dr. Meena,Orthopedics,1
D2120,Dr. Vikram,Orthopedics,7
D2655,Dr. Priya,cardio,0
D2655,Dr. Deepak,Orthopedics,27
D2034,Dr. Priya,CARDIOLOGY,23
D2676,Dr. Vikram,Cardiology,14
D2356,Dr. Anil,CARDIOLOGY,19
D2711,Dr. Priya,Pulmonology,19
D2545,Dr. Rohit,CARDIOLOGY,3
D2220,Dr. Amit,Orthopedics,17
D2417,Dr. Priya,Pulmonology,7
D2150,Dr. Vikram,Pulmonology,27
D2384,Dr. Rahul,Orthopedics,15
D2588,Dr. Swati,cardio,29
D2072,Dr. Sneha,,0
D2354,Dr. Karthik,Orthopedics,8
D2135,Dr. Meena,Oncology,12
D2441,Dr. Swati,Pulmonology,9
D2228,Dr. Amit,Cardiology,11
D2327,Dr. Pooja,Endocrinology,-2
D2758,Dr. Kiran,CARDIOLOGY,22
D2298,Dr. Lakshmi,,26
D2375,Dr. Anil,,24
D2361,Dr. Deepak,cardio,4
D2497,Dr. Rahul,cardio,21
D2409,Dr. Sneha,CARDIOLOGY,22
D2699,Dr. Amit,Cardiology,22
D2189,Dr. Meena,cardio,25
D2345,Dr. Meena,Oncology,25
D2434,Dr. Ravi,,14
D2372,Dr. Sanjay,Cardiology,16
D2714,Dr. Lakshmi,Oncology,21
D2071,Dr. Pooja,Endocrinology,12
D2268,Dr. Rahul,Pulmonology,20
D2544,Dr. Priya,Endocrinology,19
D2427,Dr. Rohit,Orthopedics,3
D2201,Dr. Rahul,Pulmonology,24
D2508,Dr. Nisha,Cardiology,7
D2225,Dr. Nisha,,27
D2126,Dr. Karthik,cardio,15
D2319,Dr. Arjun,cardio,16
D2270,Dr. Lakshmi,Oncology,-3
D2237,Dr. Neha,Cardiology,5
D2581,Dr. Rohit,Orthopedics,-1
D2265,Dr. Asha,Pulmonology,20
D2480,Dr. Sanjay,CARDIOLOGY,22
D2137,Dr. Swati,Endocrinology,13
D2155,Dr. Deepak,Pulmonology,16
D2167,Dr. Nisha,cardio,0
D2382,Dr. Priya,,26
D2259,Dr. Pooja,cardio,9
D2590,Dr. Anil,cardio,7
D2228,Dr. Rohit,cardio,0
D2383,Dr. Rahul,cardio,7
D2327,Dr. Swati,CARDIOLOGY,28
D2705,Dr. Ravi,Pulmonology,-1
D2451,Dr. Neha,CARDIOLOGY,15
D2505,Dr. Rahul,,23
D2652,Dr. Rohit,Orthopedics,16
D2355,Dr. Swati,Oncology,4
D2170,Dr. Arjun,Cardiology,28
D2179,Dr. Kiran,Cardiology,12
D2033,Dr. Arjun,CARDIOLOGY,24
D2176,Dr. Vikram,CARDIOLOGY,10
D2264,Dr. Amit,Pulmonology,26
D2713,Dr. Pooja,CARDIOLOGY,4
D2732,Dr. Arjun,CARDIOLOGY,25
D2383,Dr. Arjun,cardio,30
D2674,Dr. Deepak,cardio,13
D2783,Dr. Kiran,Cardiology,28
D2342,Dr. Amit,Orthopedics,4
D2525,Dr. Lakshmi,Pulmonology,13
D2411,Dr. Nisha,Pulmonology,28
D2407,Dr. Rahul,CARDIOLOGY,16
D2362,Dr. Rohit,Endocrinology,26
D2133,Dr. Amit,CARDIOLOGY,27
D2028,Dr. Swati,Cardiology,13
D2365,Dr. Meena,cardio,17
D2105,Dr. Pooja,Cardiology,8
D2652,Dr. Deepak,Oncology,19
D2800,Dr. Anil,Cardiology,10
D2599,Dr. Priya,Endocrinology,-1
D2216,Dr. Lakshmi,Orthopedics,30
D2597,Dr. Amit,cardio,8
D2664,Dr. Sanjay,CARDIOLOGY,7
D2219,Dr. Vikram,,28
D2167,Dr. Rohit,,6
D2386,Dr. Kiran,cardio,17
D2680,Dr. Asha,Pulmonology,-3
D2292,Dr. Priya,cardio,23
D2325,Dr. Priya,cardio,4
D2304,Dr. Anil,,17
D2471,Dr. Sneha,Cardiology,7
D2703,Dr. Meena,CARDIOLOGY,6
D2566,Dr. Asha,Orthopedics,1
D2664,Dr. Anil,Pulmonology,8
D2213,Dr. Nisha,Pulmonology,6
D2484,Dr. Deepak,Orthopedics,28
D2227,Dr. Swati,Cardiology,16
D2421,Dr. Priya,Endocrinology,19
D2104,Dr. Rohit,Pulmonology,6
D2006,Dr. Deepak,Cardiology,15
D2533,Dr. Amit,,27
D2317,Dr. Arjun,cardio,26
D2798,Dr. Lakshmi,Pulmonology,30
D2495,Dr. Neha,Cardiology,4
D2270,Dr. Meena,Orthopedics,2
D2800,Dr. Swati,Oncology,18
D2063,Dr. Vikram,Orthopedics,11
D2603,Dr. Vikram,cardio,9
D2462,Dr. Lakshmi,Pulmonology,6
D2568,Dr. Kiran,,22
D2217,Dr. Nisha,Pulmonology,9
D2798,Dr. Karthik,Endocrinology,13
D2281,Dr. Asha,Cardiology,27
D2704,Dr. Amit,,16
D2355,Dr. Lakshmi,Endocrinology,21
D2124,Dr. Asha,CARDIOLOGY,1
D2699,Dr. Anil,Oncology,21
D2775,Dr. Sanjay,,22
D2156,Dr. Arjun,Endocrinology,7
D2654,Dr. Ravi,Pulmonology,-3
D2761,Dr. Sneha,Oncology,9
D2579,Dr. Asha,cardio,15
D2393,Dr. Anil,Pulmonology,2
D2578,Dr. Meena,Oncology,3
D2386,Dr. Amit,Oncology,14
D2796,Dr. Lakshmi,,-1
D2672,Dr. Meena,Orthopedics,16
D2310,Dr. Lakshmi,cardio,16
D2743,Dr. Swati,Orthopedics,20
D2099,Dr. Arjun,CARDIOLOGY,26
D2243,Dr. Meena,Endocrinology,-1
D2733,Dr. Nisha,Pulmonology,14
D2713,Dr. Neha,Cardiology,30
D2125,Dr. Pooja,Orthopedics,23
D2586,Dr. Karthik,Orthopedics,3
D2435,Dr. Kiran,,1
D2253,Dr. Nisha,,4
D2099,Dr. Vikram,Endocrinology,26
D2546,Dr. Vikram,Orthopedics,4
D2376,Dr. Anil,Pulmonology,16
D2335,Dr. Sanjay,cardio,1
D2228,Dr. Asha,CARDIOLOGY,22
D2054,Dr. Sanjay,,29
D2478,Dr. Sanjay,Orthopedics,-1
D2279,Dr. Vikram,Endocrinology,26
D2706,Dr. Rohit,Cardiology,5
D2236,Dr. Sanjay,CARDIOLOGY,28
D2463,Dr. Nisha,,18
D2225,Dr. Pooja,Oncology,15
D2696,Dr. Priya,Endocrinology,11
D2311,Dr. Kiran,Pulmonology,25
D2685,Dr. Nisha,Endocrinology,10
D2767,Dr. Amit,Oncology,10
D2734,Dr. Anil,Endocrinology,15
D2718,Dr. Neha,Orthopedics,17
D2416,Dr. Swati,CARDIOLOGY,23
D2679,Dr. Asha,Pulmonology,11
D2713,Dr. Rahul,cardio,15
D2774,Dr. Amit,Orthopedics,-2
D2277,Dr. Sneha,,22
D2746,Dr. Priya,Pulmonology,0
D2106,Dr. Deepak,CARDIOLOGY,16
D2412,Dr. Karthik,Cardiology,4
D2435,Dr. Kiran,Oncology,28
D2113,Dr. Rahul,Orthopedics,15
D2651,Dr. Pooja,CARDIOLOGY,11
D2546,Dr. Rahul,Cardiology,30
D2674,Dr. Neha,Pulmonology,6
D2309,Dr. Arjun,Endocrinology,5
D2501,Dr. Anil,cardio,6
D2452,Dr. Karthik,Oncology,18
D2562,Dr. Anil,Endocrinology,5
D2341,Dr. Neha,CARDIOLOGY,10
D2004,Dr. Swati,,30
D2422,Dr. Swati,Oncology,21
D2386,Dr. Priya,CARDIOLOGY,20
D2328,Dr. Lakshmi,,13
D2158,Dr. Karthik,,5
D2755,Dr. Sanjay,cardio,29
D2526,Dr. Meena,Oncology,-1
D2343,Dr. Lakshmi,Cardiology,18
D2275,Dr. Swati,Pulmonology,22
D2213,Dr. Kiran,CARDIOLOGY,22
D2512,Dr. Swati,Cardiology,21
D2221,Dr. Priya,Cardiology,27
D2105,Dr. Deepak,CARDIOLOGY,27
D2027,Dr. Pooja,CARDIOLOGY,1
D2708,Dr. Karthik,cardio,12
D2701,Dr. Neha,Orthopedics,6
D2121,Dr. Neha,Orthopedics,0
D2033,Dr. Sneha,Endocrinology,8
D2779,Dr. Deepak,Pulmonology,20
D2127,Dr. Asha,Oncology,-3
D2011,Dr. Arjun,,12
D2111,Dr. Lakshmi,CARDIOLOGY,0
D2555,Dr. Priya,Pulmonology,23
D2287,Dr. Rahul,Oncology,26
D2166,Dr. Meena,,9
D2347,Dr. Kiran,,20
D2109,Dr. Anil,Endocrinology,11
D2437,Dr. Rahul,CARDIOLOGY,12
D2635,Dr. Vikram,Oncology,19
D2432,Dr. Rohit,Endocrinology,7
D2075,Dr. Lakshmi,Endocrinology,-2
D2763,Dr. Priya,Cardiology,12
D2428,Dr. Pooja,CARDIOLOGY,4
D2578,Dr. Asha,Endocrinology,14
D2452,Dr. Pooja,CARDIOLOGY,24
D2086,Dr. Deepak,CARDIOLOGY,23
D2652,Dr. Rohit,,13
D2442,Dr. Rohit,Pulmonology,22
D2148,Dr. Vikram,cardio,16
D2386,Dr. Ravi,Cardiology,20
D2517,Dr. Vikram,Cardiology,8
D2225,Dr. Priya,Pulmonology,5
D2296,Dr. Ravi,,13
D2621,Dr. Asha,Orthopedics,16
D2708,Dr. Rahul,Cardiology,21
D2049,Dr. Vikram,CARDIOLOGY,19
D2157,Dr. Pooja,Oncology,20
D2265,Dr. Asha,cardio,29
D2049,Dr. Rahul,cardio,26
D2324,Dr. Karthik,,13
D2761,Dr. Priya,cardio,1
D2235,Dr. Nisha,Cardiology,-1
D2036,Dr. Rohit,Cardiology,11
D2304,Dr. Arjun,Pulmonology,15
D2630,Dr. Rohit,Cardiology,5
D2561,Dr. Rahul,Oncology,12
D2158,Dr. Deepak,Oncology,6
D2065,Dr. Neha,CARDIOLOGY,-2
D2273,Dr. Swati,,8
D2020,Dr. Meena,Endocrinology,15
D2535,Dr. Asha,Oncology,16
D2045,Dr. Rahul,Endocrinology,3
D2462,Dr. Vikram,Pulmonology,3
D2120,Dr. Rohit,Cardiology,28
D2014,Dr. Deepak,Endocrinology,30
D2298,Dr. Amit,Oncology,7
D2124,Dr. Ravi,Pulmonology,13
D2419,Dr. Rahul,,26
D2091,Dr. Lakshmi,Endocrinology,27
D2576,Dr. Rahul,,27
D2672,Dr. Ravi,cardio,10
D2009,Dr. Priya,Cardiology,0
D2151,Dr. Neha,Orthopedics,15
D2579,Dr. Pooja,Cardiology,29
D2536,Dr. Meena,Endocrinology,10
D2099,Dr. Kiran,CARDIOLOGY,6
D2774,Dr. Sanjay,CARDIOLOGY,26
D2234,Dr. Rohit,Pulmonology,17
D2061,Dr. Karthik,Cardiology,8
D2662,Dr. Asha,Pulmonology,21
D2080,Dr. Kiran,Cardiology,29
D2054,Dr. Vikram,Pulmonology,17
D2688,Dr. Deepak,cardio,4
D2472,Dr. Sneha,cardio,24
D2559,Dr. Vikram,Endocrinology,14
D2159,Dr. Rohit,,27
D2212,Dr. Priya,Endocrinology,20
D2776,Dr. Lakshmi,CARDIOLOGY,9
D2390,Dr. Nisha,,23
D2627,Dr. Sanjay,cardio,1
D2522,Dr. Arjun,,27
D2031,Dr. Swati,,10
D2421,Dr. Priya,,26
D2761,Dr. Vikram,CARDIOLOGY,7
D2569,Dr. Karthik,CARDIOLOGY,4
D2462,Dr. Priya,cardio,18
D2689,Dr. Kiran,Cardiology,1
D2726,Dr. Kiran,cardio,8
D2463,Dr. Lakshmi,Endocrinology,29
D2785,Dr. Rahul,Cardiology,14
D2080,Dr. Amit,Pulmonology,18
D2095,Dr. Nisha,,16
D2712,Dr. Deepak,cardio,28
D2774,Dr. Deepak,CARDIOLOGY,23
D2225,Dr. Kiran,Oncology,25
D2268,Dr. Anil,CARDIOLOGY,29
D2081,Dr. Vikram,Endocrinology,2
D2465,Dr. Nisha,Oncology,2
D2505,Dr. Asha,Pulmonology,25
D2598,Dr. Karthik,Cardiology,25
D2218,Dr. Arjun,Orthopedics,13
D2469,Dr. Deepak,CARDIOLOGY,-2
D2205,Dr. Anil,,4
D2484,Dr. Lakshmi,Pulmonology,17
D2480,Dr. Karthik,Oncology,27
D2668,Dr. Swati,cardio,13
D2140,Dr. Vikram,Cardiology,27
D2735,Dr. Pooja,Pulmonology,5
D2429,Dr. Sneha,Endocrinology,10
D2199,Dr. Meena,Orthopedics,23
D2053,Dr. Ravi,CARDIOLOGY,1
D2382,Dr. Lakshmi,Orthopedics,-2
D2486,Dr. Amit,Endocrinology,14
D2560,Dr. Deepak,Cardiology,5
D2099,Dr. Nisha,cardio,11
D2104,Dr. Rohit,Orthopedics,1
D2306,Dr. Kiran,CARDIOLOGY,-3
D2045,Dr. Vikram,Oncology,10
D2517,Dr. Ravi,Pulmonology,8
D2360,Dr. Karthik,Cardiology,19
D2336,Dr. Rohit,Pulmonology,7
D2425,Dr. Ravi,Endocrinology,-1
D2386,Dr. Priya,Orthopedics,17
D2685,Dr. Nisha,Orthopedics,5
D2378,Dr. Priya,CARDIOLOGY,20
D2252,Dr. Nisha,Pulmonology,-1
D2541,Dr. Priya,Pulmonology,28
D2618,Dr. Kiran,Oncology,18
D2291,Dr. Arjun,Orthopedics,20
D2726,Dr. Nisha,cardio,20
D2330,Dr. Priya,CARDIOLOGY,30
D2133,Dr. Deepak,Cardiology,3
D2621,Dr. Deepak,,1
D2787,Dr. Lakshmi,Oncology,-3
D2501,Dr. Neha,cardio,8
D2338,Dr. Nisha,Endocrinology,3
D2637,Dr. Deepak,cardio,8
D2752,Dr. Swati,Cardiology,28
D2142,Dr. Neha,Cardiology,13
D2779,Dr. Rahul,Cardiology,22
D2157,Dr. Ravi,CARDIOLOGY,24
D2685,Dr. Meena,,6
D2345,Dr. Anil,cardio,4
D2593,Dr. Meena,Endocrinology,13
D2044,Dr. Ravi,Pulmonology,11
D2141,Dr. Rahul,,25
D2032,Dr. Karthik,Oncology,22
D2102,Dr. Lakshmi,Pulmonology,8
D2043,Dr. Karthik,Orthopedics,9
D2596,Dr. Swati,,22
D2253,Dr. Meena,CARDIOLOGY,10
D2262,Dr. Karthik,Oncology,28
D2663,Dr. Pooja,Endocrinology,21
D2343,Dr. Sanjay,cardio,17
D2094,Dr. Amit,Endocrinology,28
D2569,Dr. Amit,Pulmonology,1
D2120,Dr. Lakshmi,CARDIOLOGY,16
D2721,Dr. Meena,Cardiology,11
D2764,Dr. Pooja,Endocrinology,19
D2587,Dr. Amit,Cardiology,28
D2284,Dr. Asha,Oncology,26
D2463,Dr. Sneha,Oncology,28
D2233,Dr. Ravi,Cardiology,-2
D2047,Dr. Sanjay,Orthopedics,23
D2415,Dr. Vikram,cardio,22
D2421,Dr. Karthik,Orthopedics,2
D2161,Dr. Meena,,10
D2467,Dr. Neha,Orthopedics,-2
D2658,Dr. Sneha,Orthopedics,16
D2217,Dr. Arjun,Endocrinology,28
D2596,Dr. Karthik,Orthopedics,5
D2324,Dr. Lakshmi,CARDIOLOGY,21
D2527,Dr. Sanjay,cardio,30
D2558,Dr. Meena,CARDIOLOGY,5
D2282,Dr. Kiran,Oncology,5
D2423,Dr. Sanjay,Orthopedics,19
D2545,Dr. Arjun,,15
D2562,Dr. Meena,CARDIOLOGY,13
D2766,Dr. Vikram,Cardiology,-3
D2129,Dr. Arjun,,9
D2717,Dr. Kiran,Cardiology,14
D2568,Dr. Deepak,Oncology,13
D2623,Dr. Amit,Orthopedics,12
D2523,Dr. Lakshmi,cardio,29
D2596,Dr. Neha,cardio,14
D2389,Dr. Sanjay,Cardiology,22
D2248,Dr. Arjun,Pulmonology,24
D2562,Dr. Arjun,Orthopedics,3
D2008,Dr. Anil,Orthopedics,23
D2031,Dr. Neha,Endocrinology,27
D2323,Dr. Rohit,CARDIOLOGY,11
D2215,Dr. Amit,Cardiology,21
D2060,Dr. Priya,CARDIOLOGY,27
D2367,Dr. Vikram,,10
D2450,Dr. Ravi,Oncology,28
D2703,Dr. Arjun,Cardiology,18
D2174,Dr. Priya,,10
D2646,Dr. Amit,Oncology,28
D2608,Dr. Pooja,,24
D2603,Dr. Sanjay,Pulmonology,27
D2376,Dr. Asha,Cardiology,30
D2163,Dr. Sneha,Endocrinology,4
D2154,Dr. Sanjay,Orthopedics,27
D2081,Dr. Amit,Pulmonology,23
D2639,Dr. Nisha,CARDIOLOGY,14
D2464,Dr. Meena,Orthopedics,15
D2153,Dr. Lakshmi,Endocrinology,21
D2144,Dr. Neha,,4
D2796,Dr. Amit,Pulmonology,13
D2023,Dr. Rahul,Cardiology,26
D2615,Dr. Neha,Endocrinology,12
D2613,Dr. Neha,Pulmonology,14
D2128,Dr. Swati,Cardiology,25
D2561,Dr. Lakshmi,CARDIOLOGY,2
D2449,Dr. Rohit,Cardiology,8
D2541,Dr. Vikram,Endocrinology,2
D2316,Dr. Kiran,Oncology,24
D2186,Dr. Arjun,Cardiology,22
D2442,Dr. Neha,cardio,2
D2587,Dr. Rohit,Pulmonology,20
D2113,Dr. Karthik,,24
D2171,Dr. Karthik,Oncology,25
D2462,Dr. Ravi,Pulmonology,13
D2524,Dr. Priya,Orthopedics,15
D2150,Dr. Sneha,Oncology,0
D2612,Dr. Karthik,Endocrinology,16
D2213,Dr. Vikram,Orthopedics,17
D2085,Dr. Neha,Orthopedics,18
D2434,Dr. Ravi,Cardiology,30
D2325,Dr. Anil,,23
D2518,Dr. Sanjay,,26
D2724,Dr. Rohit,,11
D2198,Dr. Sanjay,Orthopedics,1
D2353,Dr. Kiran,,4
D2631,Dr. Nisha,cardio,17
D2030,Dr. Lakshmi,,1
D2663,Dr. Vikram,Oncology,30
D2218,Dr. Ravi,,21
D2655,Dr. Rahul,Oncology,28
D2552,Dr. Asha,CARDIOLOGY,23
D2124,Dr. Sanjay,Cardiology,11
D2767,Dr. Amit,Pulmonology,20
D2406,Dr. Deepak,,26
D2320,Dr. Pooja,Oncology,7
D2403,Dr. Rohit,cardio,21
D2596,Dr. Anil,Pulmonology,12
D2020,Dr. Asha,,30
D2757,Dr. Kiran,Endocrinology,13
D2255,Dr. Deepak,cardio,27
D2510,Dr. Neha,Endocrinology,24
D2373,Dr. Karthik,cardio,23
D2602,Dr. Pooja,,25
D2097,Dr. Arjun,Orthopedics,-1
D2788,Dr. Pooja,CARDIOLOGY,23
D2454,Dr. Swati,Pulmonology,8
D2509,Dr. Lakshmi,Endocrinology,22
D2032,Dr. Meena,Oncology,-3
D2704,Dr. Pooja,,29
D2634,Dr. Priya,Orthopedics,21
D2557,Dr. Priya,Orthopedics,21
D2208,Dr. Neha,cardio,11
D2746,Dr. Rohit,Oncology,11
D2790,Dr. Deepak,Pulmonology,17
D2328,Dr. Sanjay,cardio,27
D2455,Dr. Priya,Orthopedics,3
D2142,Dr. Kiran,Endocrinology,2
D2634,Dr. Asha,Oncology,-3
D2071,Dr. Kiran,Oncology,25
D2504,Dr. Ravi,Orthopedics,15
D2721,Dr. Kiran,Pulmonology,-2
D2010,Dr. Karthik,Cardiology,22
D2325,Dr. Kiran,CARDIOLOGY,29
